model,origin_year,train_length,horizon,target_year,actual,forecast,error,abs_error,pct_error
naive,1996,10,1,1997,1021664,1062179,40515,40515,3.966
naive,1996,10,2,1998,1020229,1062179,41950,41950,4.112
naive,1996,10,3,1999,1036751,1062179,25428,25428,2.453
naive,1996,10,5,2001,1039265,1062179,22914,22914,2.205
drift,1996,10,1,1997,1021664,1036922.0,15258.0,15258.0,1.493
drift,1996,10,2,1998,1020229,1011665.0,-8564.0,8564.0,0.839
drift,1996,10,3,1999,1036751,986408.0,-50343.0,50343.0,4.856
drift,1996,10,5,2001,1039265,935894.0,-103371.0,103371.0,9.947
linear_trend,1996,10,1,1997,1021664,1081066.2,59402.2,59402.2,5.814
linear_trend,1996,10,2,1998,1020229,1056255.6,36026.6,36026.6,3.531
linear_trend,1996,10,3,1999,1036751,1031445.0,-5306.0,5306.0,0.512
linear_trend,1996,10,5,2001,1039265,981823.9,-57441.1,57441.1,5.527
ses,1996,10,1,1997,1021664,1062433.2,40769.2,40769.2,3.99
ses,1996,10,2,1998,1020229,1062433.2,42204.2,42204.2,4.137
ses,1996,10,3,1999,1036751,1062433.2,25682.2,25682.2,2.477
ses,1996,10,5,2001,1039265,1062433.2,23168.2,23168.2,2.229
holt,1996,10,1,1997,1021664,1036964.4,15300.4,15300.4,1.498
holt,1996,10,2,1998,1020229,1011963.1,-8265.9,8265.9,0.81
holt,1996,10,3,1999,1036751,986961.8,-49789.2,49789.2,4.802
holt,1996,10,5,2001,1039265,936959.1,-102305.9,102305.9,9.844
ets_damped,1996,10,1,1997,1021664,1038802.0,17138.0,17138.0,1.677
ets_damped,1996,10,2,1998,1020229,1015541.9,-4687.1,4687.1,0.459
ets_damped,1996,10,3,1999,1036751,992398.1,-44352.9,44352.9,4.278
ets_damped,1996,10,5,2001,1039265,946457.1,-92807.9,92807.9,8.93
arima,1996,10,1,1997,1021664,1037223.0,15559.0,15559.0,1.523
arima,1996,10,2,1998,1020229,1012267.0,-7962.0,7962.0,0.78
arima,1996,10,3,1999,1036751,987311.0,-49440.0,49440.0,4.769
arima,1996,10,5,2001,1039265,937399.0,-101866.0,101866.0,9.802
naive,1997,11,1,1998,1020229,1021664,1435,1435,0.141
naive,1997,11,2,1999,1036751,1021664,-15087,15087,1.455
naive,1997,11,3,2000,1038720,1021664,-17056,17056,1.642
naive,1997,11,5,2002,1093342,1021664,-71678,71678,6.556
drift,1997,11,1,1998,1020229,994881.2,-25347.8,25347.8,2.485
drift,1997,11,2,1999,1036751,968098.4,-68652.6,68652.6,6.622
drift,1997,11,3,2000,1038720,941315.6,-97404.4,97404.4,9.377
drift,1997,11,5,2002,1093342,887750.0,-205592.0,205592.0,18.804
linear_trend,1997,11,1,1998,1020229,1034654.8,14425.8,14425.8,1.414
linear_trend,1997,11,2,1999,1036751,1007144.1,-29606.9,29606.9,2.856
linear_trend,1997,11,3,2000,1038720,979633.5,-59086.5,59086.5,5.688
linear_trend,1997,11,5,2002,1093342,924612.1,-168729.9,168729.9,15.432
ses,1997,11,1,1998,1020229,1022071.7,1842.7,1842.7,0.181
ses,1997,11,2,1999,1036751,1022071.7,-14679.3,14679.3,1.416
ses,1997,11,3,2000,1038720,1022071.7,-16648.3,16648.3,1.603
ses,1997,11,5,2002,1093342,1022071.7,-71270.3,71270.3,6.519
holt,1997,11,1,1998,1020229,981819.7,-38409.3,38409.3,3.765
holt,1997,11,2,1999,1036751,941822.4,-94928.6,94928.6,9.156
holt,1997,11,3,2000,1038720,901825.1,-136894.9,136894.9,13.179
holt,1997,11,5,2002,1093342,821830.5,-271511.5,271511.5,24.833
ets_damped,1997,11,1,1998,1020229,991405.5,-28823.5,28823.5,2.825
ets_damped,1997,11,2,1999,1036751,961298.2,-75452.8,75452.8,7.278
ets_damped,1997,11,3,2000,1038720,931341.5,-107378.5,107378.5,10.338
ets_damped,1997,11,5,2002,1093342,871876.7,-221465.3,221465.3,20.256
arima,1997,11,1,1998,1020229,981149.0,-39080.0,39080.0,3.831
arima,1997,11,2,1999,1036751,940634.0,-96117.0,96117.0,9.271
arima,1997,11,3,2000,1038720,900119.0,-138601.0,138601.0,13.343
arima,1997,11,5,2002,1093342,819089.0,-274253.0,274253.0,25.084
naive,1998,12,1,1999,1036751,1020229,-16522,16522,1.594
naive,1998,12,2,2000,1038720,1020229,-18491,18491,1.78
naive,1998,12,3,2001,1039265,1020229,-19036,19036,1.832
naive,1998,12,5,2003,1269325,1020229,-249096,249096,19.624
drift,1998,12,1,1999,1036751,995750.5,-41000.5,41000.5,3.955
drift,1998,12,2,2000,1038720,971272.1,-67447.9,67447.9,6.493
drift,1998,12,3,2001,1039265,946793.6,-92471.4,92471.4,8.898
drift,1998,12,5,2003,1269325,897836.7,-371488.3,371488.3,29.267
linear_trend,1998,12,1,1999,1036751,1002335.5,-34415.5,34415.5,3.32
linear_trend,1998,12,2,2000,1038720,974270.0,-64450.0,64450.0,6.205
linear_trend,1998,12,3,2001,1039265,946204.5,-93060.5,93060.5,8.954
linear_trend,1998,12,5,2003,1269325,890073.4,-379251.6,379251.6,29.878
ses,1998,12,1,1999,1036751,1020247.4,-16503.6,16503.6,1.592
ses,1998,12,2,2000,1038720,1020247.4,-18472.6,18472.6,1.778
ses,1998,12,3,2001,1039265,1020247.4,-19017.6,19017.6,1.83
ses,1998,12,5,2003,1269325,1020247.4,-249077.6,249077.6,19.623
holt,1998,12,1,1999,1036751,1003116.9,-33634.1,33634.1,3.244
holt,1998,12,2,2000,1038720,986159.1,-52560.9,52560.9,5.06
holt,1998,12,3,2001,1039265,969201.4,-70063.6,70063.6,6.742
holt,1998,12,5,2003,1269325,935285.9,-334039.1,334039.1,26.316
ets_damped,1998,12,1,1999,1036751,991824.0,-44927.0,44927.0,4.333
ets_damped,1998,12,2,2000,1038720,963561.0,-75159.0,75159.0,7.236
ets_damped,1998,12,3,2001,1039265,935439.3,-103825.7,103825.7,9.99
ets_damped,1998,12,5,2003,1269325,879617.1,-389707.9,389707.9,30.702
arima,1998,12,1,1999,1036751,1018794.0,-17957.0,17957.0,1.732
arima,1998,12,2,2000,1038720,1017359.0,-21361.0,21361.0,2.056
arima,1998,12,3,2001,1039265,1015924.0,-23341.0,23341.0,2.246
arima,1998,12,5,2003,1269325,1013054.0,-256271.0,256271.0,20.19
naive,1999,13,1,2000,1038720,1036751,-1969,1969,0.19
naive,1999,13,2,2001,1039265,1036751,-2514,2514,0.242
naive,1999,13,3,2002,1093342,1036751,-56591,56591,5.176
naive,1999,13,5,2004,1436933,1036751,-400182,400182,27.85
drift,1999,13,1,2000,1038720,1015689.2,-23030.8,23030.8,2.217
drift,1999,13,2,2001,1039265,994627.5,-44637.5,44637.5,4.295
drift,1999,13,3,2002,1093342,973565.8,-119776.2,119776.2,10.955
drift,1999,13,5,2004,1436933,931442.2,-505490.8,505490.8,35.178
linear_trend,1999,13,1,2000,1038720,984859.4,-53860.6,53860.6,5.185
linear_trend,1999,13,2,2001,1039265,957928.4,-81336.6,81336.6,7.826
linear_trend,1999,13,3,2002,1093342,930997.5,-162344.5,162344.5,14.848
linear_trend,1999,13,5,2004,1436933,877135.6,-559797.4,559797.4,38.958
ses,1999,13,1,2000,1038720,1036586.0,-2134.0,2134.0,0.205
ses,1999,13,2,2001,1039265,1036586.0,-2679.0,2679.0,0.258
ses,1999,13,3,2002,1093342,1036586.0,-56756.0,56756.0,5.191
ses,1999,13,5,2004,1436933,1036586.0,-400347.0,400347.0,27.861
holt,1999,13,1,2000,1038720,1053081.3,14361.3,14361.3,1.383
holt,1999,13,2,2001,1039265,1069604.1,30339.1,30339.1,2.919
holt,1999,13,3,2002,1093342,1086127.0,-7215.0,7215.0,0.66
holt,1999,13,5,2004,1436933,1119172.7,-317760.3,317760.3,22.114
ets_damped,1999,13,1,2000,1038720,1018544.1,-20175.9,20175.9,1.942
ets_damped,1999,13,2,2001,1039265,1001114.8,-38150.2,38150.2,3.671
ets_damped,1999,13,3,2002,1093342,984429.8,-108912.2,108912.2,9.961
ets_damped,1999,13,5,2004,1436933,953167.1,-483765.9,483765.9,33.667
arima,1999,13,1,2000,1038720,1053273.0,14553.0,14553.0,1.401
arima,1999,13,2,2001,1039265,1069795.0,30530.0,30530.0,2.938
arima,1999,13,3,2002,1093342,1086317.0,-7025.0,7025.0,0.643
arima,1999,13,5,2004,1436933,1119361.0,-317572.0,317572.0,22.101
naive,2000,14,1,2001,1039265,1038720,-545,545,0.052
naive,2000,14,2,2002,1093342,1038720,-54622,54622,4.996
naive,2000,14,3,2003,1269325,1038720,-230605,230605,18.168
naive,2000,14,5,2005,1539745,1038720,-501025,501025,32.539
drift,2000,14,1,2001,1039265,1019429.8,-19835.2,19835.2,1.909
drift,2000,14,2,2002,1093342,1000139.7,-93202.3,93202.3,8.525
drift,2000,14,3,2003,1269325,980849.5,-288475.5,288475.5,22.727
drift,2000,14,5,2005,1539745,942269.2,-597475.8,597475.8,38.804
linear_trend,2000,14,1,2001,1039265,973317.2,-65947.8,65947.8,6.346
linear_trend,2000,14,2,2002,1093342,947925.1,-145416.9,145416.9,13.3
linear_trend,2000,14,3,2003,1269325,922533.0,-346792.0,346792.0,27.321
linear_trend,2000,14,5,2005,1539745,871748.9,-667996.1,667996.1,43.384
ses,2000,14,1,2001,1039265,1038698.7,-566.3,566.3,0.054
ses,2000,14,2,2002,1093342,1038698.7,-54643.3,54643.3,4.998
ses,2000,14,3,2003,1269325,1038698.7,-230626.3,230626.3,18.169
ses,2000,14,5,2005,1539745,1038698.7,-501046.3,501046.3,32.541
holt,2000,14,1,2001,1039265,1041311.0,2046.0,2046.0,0.197
holt,2000,14,2,2002,1093342,1043758.4,-49583.6,49583.6,4.535
holt,2000,14,3,2003,1269325,1046205.7,-223119.3,223119.3,17.578
holt,2000,14,5,2005,1539745,1051100.5,-488644.5,488644.5,31.735
ets_damped,2000,14,1,2001,1039265,1020098.3,-19166.7,19166.7,1.844
ets_damped,2000,14,2,2002,1093342,1001626.5,-91715.5,91715.5,8.389
ets_damped,2000,14,3,2003,1269325,983303.3,-286021.7,286021.7,22.533
ets_damped,2000,14,5,2005,1539745,947098.3,-592646.7,592646.7,38.49
arima,2000,14,1,2001,1039265,1040689.0,1424.0,1424.0,0.137
arima,2000,14,2,2002,1093342,1042658.0,-50684.0,50684.0,4.636
arima,2000,14,3,2003,1269325,1044627.0,-224698.0,224698.0,17.702
arima,2000,14,5,2005,1539745,1048565.0,-491180.0,491180.0,31.9
naive,2001,15,1,2002,1093342,1039265,-54077,54077,4.946
naive,2001,15,2,2003,1269325,1039265,-230060,230060,18.125
naive,2001,15,3,2004,1436933,1039265,-397668,397668,27.675
naive,2001,15,5,2006,1631235,1039265,-591970,591970,36.29
drift,2001,15,1,2002,1093342,1021391.6,-71950.4,71950.4,6.581
drift,2001,15,2,2003,1269325,1003518.3,-265806.7,265806.7,20.941
drift,2001,15,3,2004,1436933,985644.9,-451288.1,451288.1,31.406
drift,2001,15,5,2006,1631235,949898.2,-681336.8,681336.8,41.768
linear_trend,2001,15,1,2002,1093342,965511.2,-127830.8,127830.8,11.692
linear_trend,2001,15,2,2003,1269325,941767.8,-327557.2,327557.2,25.806
linear_trend,2001,15,3,2004,1436933,918024.5,-518908.5,518908.5,36.112
linear_trend,2001,15,5,2006,1631235,870537.7,-760697.3,760697.3,46.633
ses,2001,15,1,2002,1093342,1039259.3,-54082.7,54082.7,4.947
ses,2001,15,2,2003,1269325,1039259.3,-230065.7,230065.7,18.125
ses,2001,15,3,2004,1436933,1039259.3,-397673.7,397673.7,27.675
ses,2001,15,5,2006,1631235,1039259.3,-591975.7,591975.7,36.29
holt,2001,15,1,2002,1093342,1039727.6,-53614.4,53614.4,4.904
holt,2001,15,2,2003,1269325,1040169.7,-229155.3,229155.3,18.053
holt,2001,15,3,2004,1436933,1040611.8,-396321.2,396321.2,27.581
holt,2001,15,5,2006,1631235,1041496.0,-589739.0,589739.0,36.153
ets_damped,2001,15,1,2002,1093342,1023973.0,-69369.0,69369.0,6.345
ets_damped,2001,15,2,2003,1269325,1008757.4,-260567.6,260567.6,20.528
ets_damped,2001,15,3,2004,1436933,993618.0,-443315.0,443315.0,30.851
ets_damped,2001,15,5,2006,1631235,963565.7,-667669.3,667669.3,40.93
arima,2001,15,1,2002,1093342,1039810.0,-53532.0,53532.0,4.896
arima,2001,15,2,2003,1269325,1040355.0,-228970.0,228970.0,18.039
arima,2001,15,3,2004,1436933,1040900.0,-396033.0,396033.0,27.561
arima,2001,15,5,2006,1631235,1041990.0,-589245.0,589245.0,36.123
naive,2002,16,1,2003,1269325,1093342,-175983,175983,13.864
naive,2002,16,2,2004,1436933,1093342,-343591,343591,23.911
naive,2002,16,3,2005,1539745,1093342,-446403,446403,28.992
naive,2002,16,5,2007,1671009,1093342,-577667,577667,34.57
drift,2002,16,1,2003,1269325,1080265.3,-189059.7,189059.7,14.895
drift,2002,16,2,2004,1436933,1067188.7,-369744.3,369744.3,25.731
drift,2002,16,3,2005,1539745,1054112.0,-485633.0,485633.0,31.54
drift,2002,16,5,2007,1671009,1027958.7,-643050.3,643050.3,38.483
linear_trend,2002,16,1,2003,1269325,973725.5,-295599.5,295599.5,23.288
linear_trend,2002,16,2,2004,1436933,952801.9,-484131.1,484131.1,33.692
linear_trend,2002,16,3,2005,1539745,931878.4,-607866.6,607866.6,39.478
linear_trend,2002,16,5,2007,1671009,890031.2,-780977.8,780977.8,46.737
ses,2002,16,1,2003,1269325,1092801.2,-176523.8,176523.8,13.907
ses,2002,16,2,2004,1436933,1092801.2,-344131.8,344131.8,23.949
ses,2002,16,3,2005,1539745,1092801.2,-446943.8,446943.8,29.027
ses,2002,16,5,2007,1671009,1092801.2,-578207.8,578207.8,34.602
holt,2002,16,1,2003,1269325,1145795.5,-123529.5,123529.5,9.732
holt,2002,16,2,2004,1436933,1198785.1,-238147.9,238147.9,16.573
holt,2002,16,3,2005,1539745,1251774.7,-287970.3,287970.3,18.702
holt,2002,16,5,2007,1671009,1357753.9,-313255.1,313255.1,18.746
ets_damped,2002,16,1,2003,1269325,1136603.6,-132721.4,132721.4,10.456
ets_damped,2002,16,2,2004,1436933,1171212.9,-265720.1,265720.1,18.492
ets_damped,2002,16,3,2005,1539745,1198900.3,-340844.7,340844.7,22.136
ets_damped,2002,16,5,2007,1671009,1238770.2,-432238.8,432238.8,25.867
arima,2002,16,1,2003,1269325,1147419.0,-121906.0,121906.0,9.604
arima,2002,16,2,2004,1436933,1201496.0,-235437.0,235437.0,16.385
arima,2002,16,3,2005,1539745,1255573.0,-284172.0,284172.0,18.456
arima,2002,16,5,2007,1671009,1363727.0,-307282.0,307282.0,18.389
naive,2003,17,1,2004,1436933,1269325,-167608,167608,11.664
naive,2003,17,2,2005,1539745,1269325,-270420,270420,17.563
naive,2003,17,3,2006,1631235,1269325,-361910,361910,22.186
naive,2003,17,5,2008,1770629,1269325,-501304,501304,28.312
drift,2003,17,1,2004,1436933,1268064.6,-168868.4,168868.4,11.752
drift,2003,17,2,2005,1539745,1266804.1,-272940.9,272940.9,17.726
drift,2003,17,3,2006,1631235,1265543.7,-365691.3,365691.3,22.418
drift,2003,17,5,2008,1770629,1263022.8,-507606.2,507606.2,28.668
linear_trend,2003,17,1,2004,1436933,1022354.8,-414578.2,414578.2,28.852
linear_trend,2003,17,2,2005,1539745,1007227.3,-532517.7,532517.7,34.585
linear_trend,2003,17,3,2006,1631235,992099.7,-639135.3,639135.3,39.181
linear_trend,2003,17,5,2008,1770629,961844.7,-808784.3,808784.3,45.678
ses,2003,17,1,2004,1436933,1267559.8,-169373.2,169373.2,11.787
ses,2003,17,2,2005,1539745,1267559.8,-272185.2,272185.2,17.677
ses,2003,17,3,2006,1631235,1267559.8,-363675.2,363675.2,22.294
ses,2003,17,5,2008,1770629,1267559.8,-503069.2,503069.2,28.412
holt,2003,17,1,2004,1436933,1442150.6,5217.6,5217.6,0.363
holt,2003,17,2,2005,1539745,1616211.5,76466.5,76466.5,4.966
holt,2003,17,3,2006,1631235,1790272.4,159037.4,159037.4,9.75
holt,2003,17,5,2008,1770629,2138394.2,367765.2,367765.2,20.77
ets_damped,2003,17,1,2004,1436933,1428595.8,-8337.2,8337.2,0.58
ets_damped,2003,17,2,2005,1539745,1572741.4,32996.4,32996.4,2.143
ets_damped,2003,17,3,2006,1631235,1703198.2,71963.2,71963.2,4.412
ets_damped,2003,17,5,2008,1770629,1928121.9,157492.9,157492.9,8.895
arima,2003,17,1,2004,1436933,1445308.0,8375.0,8375.0,0.583
arima,2003,17,2,2005,1539745,1621291.0,81546.0,81546.0,5.296
arima,2003,17,3,2006,1631235,1797274.0,166039.0,166039.0,10.179
arima,2003,17,5,2008,1770629,2149240.0,378611.0,378611.0,21.383
naive,2004,18,1,2005,1539745,1436933,-102812,102812,6.677
naive,2004,18,2,2006,1631235,1436933,-194302,194302,11.911
naive,2004,18,3,2007,1671009,1436933,-234076,234076,14.008
naive,2004,18,5,2009,1764056,1436933,-327123,327123,18.544
drift,2004,18,1,2005,1539745,1445606.0,-94139.0,94139.0,6.114
drift,2004,18,2,2006,1631235,1454279.0,-176956.0,176956.0,10.848
drift,2004,18,3,2007,1671009,1462952.0,-208057.0,208057.0,12.451
drift,2004,18,5,2009,1764056,1480298.0,-283758.0,283758.0,16.086
linear_trend,2004,18,1,2005,1539745,1099355.8,-440389.2,440389.2,28.601
linear_trend,2004,18,2,2006,1631235,1091501.5,-539733.5,539733.5,33.087
linear_trend,2004,18,3,2007,1671009,1083647.3,-587361.7,587361.7,35.15
linear_trend,2004,18,5,2009,1764056,1067938.9,-696117.1,696117.1,39.461
ses,2004,18,1,2005,1539745,1435239.3,-104505.7,104505.7,6.787
ses,2004,18,2,2006,1631235,1435239.3,-195995.7,195995.7,12.015
ses,2004,18,3,2007,1671009,1435239.3,-235769.7,235769.7,14.109
ses,2004,18,5,2009,1764056,1435239.3,-328816.7,328816.7,18.64
holt,2004,18,1,2005,1539745,1605932.3,66187.3,66187.3,4.299
holt,2004,18,2,2006,1631235,1774879.4,143644.4,143644.4,8.806
holt,2004,18,3,2007,1671009,1943826.6,272817.6,272817.6,16.327
holt,2004,18,5,2009,1764056,2281720.8,517664.8,517664.8,29.345
ets_damped,2004,18,1,2005,1539745,1592930.8,53185.8,53185.8,3.454
ets_damped,2004,18,2,2006,1631235,1738122.8,106887.8,106887.8,6.553
ets_damped,2004,18,3,2007,1671009,1873257.3,202248.3,202248.3,12.103
ets_damped,2004,18,5,2009,1764056,2116092.6,352036.6,352036.6,19.956
arima,2004,18,1,2005,1539745,1604541.0,64796.0,64796.0,4.208
arima,2004,18,2,2006,1631235,1772149.0,140914.0,140914.0,8.638
arima,2004,18,3,2007,1671009,1939757.0,268748.0,268748.0,16.083
arima,2004,18,5,2009,1764056,2274973.0,510917.0,510917.0,28.963
naive,2005,19,1,2006,1631235,1539745,-91490,91490,5.609
naive,2005,19,2,2007,1671009,1539745,-131264,131264,7.855
naive,2005,19,3,2008,1770629,1539745,-230884,230884,13.04
naive,2005,19,5,2010,1759439,1539745,-219694,219694,12.487
drift,2005,19,1,2006,1631235,1553647.9,-77587.1,77587.1,4.756
drift,2005,19,2,2007,1671009,1567550.9,-103458.1,103458.1,6.191
drift,2005,19,3,2008,1770629,1581453.8,-189175.2,189175.2,10.684
drift,2005,19,5,2010,1759439,1609259.7,-150179.3,150179.3,8.536
linear_trend,2005,19,1,2006,1631235,1184215.1,-447019.9,447019.9,27.404
linear_trend,2005,19,2,2007,1671009,1183314.4,-487694.6,487694.6,29.186
linear_trend,2005,19,3,2008,1770629,1182413.7,-588215.3,588215.3,33.221
linear_trend,2005,19,5,2010,1759439,1180612.3,-578826.7,578826.7,32.898
ses,2005,19,1,2006,1631235,1538699.9,-92535.1,92535.1,5.673
ses,2005,19,2,2007,1671009,1538699.9,-132309.1,132309.1,7.918
ses,2005,19,3,2008,1770629,1538699.9,-231929.1,231929.1,13.099
ses,2005,19,5,2010,1759439,1538699.9,-220739.1,220739.1,12.546
holt,2005,19,1,2006,1631235,1644483.8,13248.8,13248.8,0.812
holt,2005,19,2,2007,1671009,1748560.8,77551.8,77551.8,4.641
holt,2005,19,3,2008,1770629,1852637.7,82008.7,82008.7,4.632
holt,2005,19,5,2010,1759439,2060791.6,301352.6,301352.6,17.128
ets_damped,2005,19,1,2006,1631235,1624718.5,-6516.5,6516.5,0.399
ets_damped,2005,19,2,2007,1671009,1694948.6,23939.6,23939.6,1.433
ets_damped,2005,19,3,2008,1770629,1752993.3,-17635.7,17635.7,0.996
ets_damped,2005,19,5,2010,1759439,1840616.8,81177.8,81177.8,4.614
arima,2005,19,1,2006,1631235,1642557.0,11322.0,11322.0,0.694
arima,2005,19,2,2007,1671009,1745369.0,74360.0,74360.0,4.45
arima,2005,19,3,2008,1770629,1848181.0,77552.0,77552.0,4.38
arima,2005,19,5,2010,1759439,2053805.0,294366.0,294366.0,16.731
naive,2006,20,1,2007,1671009,1631235,-39774,39774,2.38
naive,2006,20,2,2008,1770629,1631235,-139394,139394,7.873
naive,2006,20,3,2009,1764056,1631235,-132821,132821,7.529
naive,2006,20,5,2011,1837973,1631235,-206738,206738,11.248
drift,2006,20,1,2007,1671009,1649221.5,-21787.5,21787.5,1.304
drift,2006,20,2,2008,1770629,1667207.9,-103421.1,103421.1,5.841
drift,2006,20,3,2009,1764056,1685194.4,-78861.6,78861.6,4.47
drift,2006,20,5,2011,1837973,1721167.4,-116805.6,116805.6,6.355
linear_trend,2006,20,1,2007,1671009,1272718.4,-398290.6,398290.6,23.835
linear_trend,2006,20,2,2008,1770629,1278203.7,-492425.3,492425.3,27.811
linear_trend,2006,20,3,2009,1764056,1283689.0,-480367.0,480367.0,27.231
linear_trend,2006,20,5,2011,1837973,1294659.6,-543313.4,543313.4,29.56
ses,2006,20,1,2007,1671009,1630309.6,-40699.4,40699.4,2.436
ses,2006,20,2,2008,1770629,1630309.6,-140319.4,140319.4,7.925
ses,2006,20,3,2009,1764056,1630309.6,-133746.4,133746.4,7.582
ses,2006,20,5,2011,1837973,1630309.6,-207663.4,207663.4,11.298
holt,2006,20,1,2007,1671009,1722459.3,51450.3,51450.3,3.079
holt,2006,20,2,2008,1770629,1813551.0,42922.0,42922.0,2.424
holt,2006,20,3,2009,1764056,1904642.8,140586.8,140586.8,7.97
holt,2006,20,5,2011,1837973,2086826.4,248853.4,248853.4,13.54
ets_damped,2006,20,1,2007,1671009,1707489.3,36480.3,36480.3,2.183
ets_damped,2006,20,2,2008,1770629,1771044.9,415.9,415.9,0.023
ets_damped,2006,20,3,2009,1764056,1824016.8,59960.8,59960.8,3.399
ets_damped,2006,20,5,2011,1837973,1904965.4,66992.4,66992.4,3.645
arima,2006,20,1,2007,1671009,1722725.0,51716.0,51716.0,3.095
arima,2006,20,2,2008,1770629,1814215.0,43586.0,43586.0,2.462
arima,2006,20,3,2009,1764056,1905705.0,141649.0,141649.0,8.03
arima,2006,20,5,2011,1837973,2088685.0,250712.0,250712.0,13.641
naive,2007,21,1,2008,1770629,1671009,-99620,99620,5.626
naive,2007,21,2,2009,1764056,1671009,-93047,93047,5.275
naive,2007,21,3,2010,1759439,1671009,-88430,88430,5.026
naive,2007,21,5,2012,1851884,1671009,-180875,180875,9.767
drift,2007,21,1,2008,1770629,1690084.9,-80544.1,80544.1,4.549
drift,2007,21,2,2009,1764056,1709160.7,-54895.3,54895.3,3.112
drift,2007,21,3,2010,1759439,1728236.6,-31202.4,31202.4,1.773
drift,2007,21,5,2012,1851884,1766388.2,-85495.8,85495.8,4.617
linear_trend,2007,21,1,2008,1770629,1354068.6,-416560.4,416560.4,23.526
linear_trend,2007,21,2,2009,1764056,1364726.5,-399329.5,399329.5,22.637
linear_trend,2007,21,3,2010,1759439,1375384.4,-384054.6,384054.6,21.828
linear_trend,2007,21,5,2012,1851884,1396700.2,-455183.8,455183.8,24.579
ses,2007,21,1,2008,1770629,1670602.0,-100027.0,100027.0,5.649
ses,2007,21,2,2009,1764056,1670602.0,-93454.0,93454.0,5.298
ses,2007,21,3,2010,1759439,1670602.0,-88837.0,88837.0,5.049
ses,2007,21,5,2012,1851884,1670602.0,-181282.0,181282.0,9.789
holt,2007,21,1,2008,1770629,1712188.9,-58440.1,58440.1,3.301
holt,2007,21,2,2009,1764056,1752854.2,-11201.8,11201.8,0.635
holt,2007,21,3,2010,1759439,1793519.6,34080.6,34080.6,1.937
holt,2007,21,5,2012,1851884,1874850.4,22966.4,22966.4,1.24
ets_damped,2007,21,1,2008,1770629,1702890.4,-67738.6,67738.6,3.826
ets_damped,2007,21,2,2009,1764056,1728445.3,-35610.7,35610.7,2.019
ets_damped,2007,21,3,2010,1759439,1748929.2,-10509.8,10509.8,0.597
ets_damped,2007,21,5,2012,1851884,1778509.2,-73374.8,73374.8,3.962
arima,2007,21,1,2008,1770629,1710783.0,-59846.0,59846.0,3.38
arima,2007,21,2,2009,1764056,1750557.0,-13499.0,13499.0,0.765
arima,2007,21,3,2010,1759439,1790331.0,30892.0,30892.0,1.756
arima,2007,21,5,2012,1851884,1869879.0,17995.0,17995.0,0.972
naive,2008,22,1,2009,1764056,1770629,6573,6573,0.373
naive,2008,22,2,2010,1759439,1770629,11190,11190,0.636
naive,2008,22,3,2011,1837973,1770629,-67344,67344,3.664
naive,2008,22,5,2013,1687899,1770629,82730,82730,4.901
drift,2008,22,1,2009,1764056,1793540.3,29484.3,29484.3,1.671
drift,2008,22,2,2010,1759439,1816451.6,57012.6,57012.6,3.24
drift,2008,22,3,2011,1837973,1839362.9,1389.9,1389.9,0.076
drift,2008,22,5,2013,1687899,1885185.4,197286.4,197286.4,11.688
linear_trend,2008,22,1,2009,1764056,1440464.7,-323591.3,323591.3,18.344
linear_trend,2008,22,2,2010,1759439,1456062.1,-303376.9,303376.9,17.243
linear_trend,2008,22,3,2011,1837973,1471659.5,-366313.5,366313.5,19.93
linear_trend,2008,22,5,2013,1687899,1502854.2,-185044.8,185044.8,10.963
ses,2008,22,1,2009,1764056,1769628.7,5572.7,5572.7,0.316
ses,2008,22,2,2010,1759439,1769628.7,10189.7,10189.7,0.579
ses,2008,22,3,2011,1837973,1769628.7,-68344.3,68344.3,3.718
ses,2008,22,5,2013,1687899,1769628.7,81729.7,81729.7,4.842
holt,2008,22,1,2009,1764056,1867987.1,103931.1,103931.1,5.892
holt,2008,22,2,2010,1759439,1965929.7,206490.7,206490.7,11.736
holt,2008,22,3,2011,1837973,2063872.2,225899.2,225899.2,12.291
holt,2008,22,5,2013,1687899,2259757.3,571858.3,571858.3,33.88
ets_damped,2008,22,1,2009,1764056,1853008.8,88952.8,88952.8,5.043
ets_damped,2008,22,2,2010,1759439,1921131.9,161692.9,161692.9,9.19
ets_damped,2008,22,3,2011,1837973,1977465.6,139492.6,139492.6,7.589
ets_damped,2008,22,5,2013,1687899,2062572.9,374673.9,374673.9,22.198
arima,2008,22,1,2009,1764056,1870249.0,106193.0,106193.0,6.02
arima,2008,22,2,2010,1759439,1969869.0,210430.0,210430.0,11.96
arima,2008,22,3,2011,1837973,2069489.0,231516.0,231516.0,12.596
arima,2008,22,5,2013,1687899,2268729.0,580830.0,580830.0,34.411
naive,2009,23,1,2010,1759439,1764056,4617,4617,0.262
naive,2009,23,2,2011,1837973,1764056,-73917,73917,4.022
naive,2009,23,3,2012,1851884,1764056,-87828,87828,4.743
naive,2009,23,5,2014,1370410,1764056,393646,393646,28.725
drift,2009,23,1,2010,1759439,1785627.1,26188.1,26188.1,1.488
drift,2009,23,2,2011,1837973,1807198.2,-30774.8,30774.8,1.674
drift,2009,23,3,2012,1851884,1828769.3,-23114.7,23114.7,1.248
drift,2009,23,5,2014,1370410,1871911.5,501501.5,501501.5,36.595
linear_trend,2009,23,1,2010,1759439,1512338.8,-247100.2,247100.2,14.044
linear_trend,2009,23,2,2011,1837973,1531453.5,-306519.5,306519.5,16.677
linear_trend,2009,23,3,2012,1851884,1550568.2,-301315.8,301315.8,16.271
linear_trend,2009,23,5,2014,1370410,1588797.5,218387.5,218387.5,15.936
ses,2009,23,1,2010,1759439,1764111.7,4672.7,4672.7,0.266
ses,2009,23,2,2011,1837973,1764111.7,-73861.3,73861.3,4.019
ses,2009,23,3,2012,1851884,1764111.7,-87772.3,87772.3,4.74
ses,2009,23,5,2014,1370410,1764111.7,393701.7,393701.7,28.729
holt,2009,23,1,2010,1759439,1761174.9,1735.9,1735.9,0.099
holt,2009,23,2,2011,1837973,1757254.6,-80718.4,80718.4,4.392
holt,2009,23,3,2012,1851884,1753334.2,-98549.8,98549.8,5.322
holt,2009,23,5,2014,1370410,1745493.5,375083.5,375083.5,27.37
ets_damped,2009,23,1,2010,1759439,1758797.6,-641.4,641.4,0.036
ets_damped,2009,23,2,2011,1837973,1754590.9,-83382.1,83382.1,4.537
ets_damped,2009,23,3,2012,1851884,1751225.5,-100658.5,100658.5,5.435
ets_damped,2009,23,5,2014,1370410,1746379.4,375969.4,375969.4,27.435
arima,2009,23,1,2010,1759439,1757483.0,-1956.0,1956.0,0.111
arima,2009,23,2,2011,1837973,1750910.0,-87063.0,87063.0,4.737
arima,2009,23,3,2012,1851884,1744337.0,-107547.0,107547.0,5.807
arima,2009,23,5,2014,1370410,1731191.0,360781.0,360781.0,26.327
naive,2010,24,1,2011,1837973,1759439,-78534,78534,4.273
naive,2010,24,2,2012,1851884,1759439,-92445,92445,4.992
naive,2010,24,3,2013,1687899,1759439,71540,71540,4.238
naive,2010,24,5,2015,1256575,1759439,502864,502864,40.019
drift,2010,24,1,2011,1837973,1779871.5,-58101.5,58101.5,3.161
drift,2010,24,2,2012,1851884,1800304.0,-51580.0,51580.0,2.785
drift,2010,24,3,2013,1687899,1820736.4,132837.4,132837.4,7.87
drift,2010,24,5,2015,1256575,1861601.4,605026.4,605026.4,48.149
linear_trend,2010,24,1,2011,1837973,1572636.9,-265336.1,265336.1,14.436
linear_trend,2010,24,2,2012,1851884,1594222.5,-257661.5,257661.5,13.913
linear_trend,2010,24,3,2013,1687899,1615808.2,-72090.8,72090.8,4.271
linear_trend,2010,24,5,2015,1256575,1658979.5,402404.5,402404.5,32.024
ses,2010,24,1,2011,1837973,1759485.7,-78487.3,78487.3,4.27
ses,2010,24,2,2012,1851884,1759485.7,-92398.3,92398.3,4.989
ses,2010,24,3,2013,1687899,1759485.7,71586.7,71586.7,4.241
ses,2010,24,5,2015,1256575,1759485.7,502910.7,502910.7,40.022
holt,2010,24,1,2011,1837973,1753834.6,-84138.4,84138.4,4.578
holt,2010,24,2,2012,1851884,1748212.8,-103671.2,103671.2,5.598
holt,2010,24,3,2013,1687899,1742591.1,54692.1,54692.1,3.24
holt,2010,24,5,2015,1256575,1731347.5,474772.5,474772.5,37.783
ets_damped,2010,24,1,2011,1837973,1755745.4,-82227.6,82227.6,4.474
ets_damped,2010,24,2,2012,1851884,1752790.5,-99093.5,99093.5,5.351
ets_damped,2010,24,3,2013,1687899,1750426.6,62527.6,62527.6,3.704
ets_damped,2010,24,5,2015,1256575,1747022.6,490447.6,490447.6,39.031
arima,2010,24,1,2011,1837973,1754822.0,-83151.0,83151.0,4.524
arima,2010,24,2,2012,1851884,1750205.0,-101679.0,101679.0,5.491
arima,2010,24,3,2013,1687899,1745588.0,57689.0,57689.0,3.418
arima,2010,24,5,2015,1256575,1736354.0,479779.0,479779.0,38.181
naive,2011,25,1,2012,1851884,1837973,-13911,13911,0.751
naive,2011,25,2,2013,1687899,1837973,150074,150074,8.891
naive,2011,25,3,2014,1370410,1837973,467563,467563,34.118
naive,2011,25,5,2016,1184750,1837973,653223,653223,55.136
drift,2011,25,1,2012,1851884,1860826.4,8942.4,8942.4,0.483
drift,2011,25,2,2013,1687899,1883679.8,195780.8,195780.8,11.599
drift,2011,25,3,2014,1370410,1906533.1,536123.1,536123.1,39.121
drift,2011,25,5,2016,1184750,1952239.9,767489.9,767489.9,64.781
linear_trend,2011,25,1,2012,1851884,1636676.3,-215207.7,215207.7,11.621
linear_trend,2011,25,2,2013,1687899,1660711.2,-27187.8,27187.8,1.611
linear_trend,2011,25,3,2014,1370410,1684746.1,314336.1,314336.1,22.937
linear_trend,2011,25,5,2016,1184750,1732816.0,548066.0,548066.0,46.26
ses,2011,25,1,2012,1851884,1837188.1,-14695.9,14695.9,0.794
ses,2011,25,2,2013,1687899,1837188.1,149289.1,149289.1,8.845
ses,2011,25,3,2014,1370410,1837188.1,466778.1,466778.1,34.061
ses,2011,25,5,2016,1184750,1837188.1,652438.1,652438.1,55.07
holt,2011,25,1,2012,1851884,1913133.4,61249.4,61249.4,3.307
holt,2011,25,2,2013,1687899,1989134.6,301235.6,301235.6,17.847
holt,2011,25,3,2014,1370410,2065135.7,694725.7,694725.7,50.695
holt,2011,25,5,2016,1184750,2217138.1,1032388.1,1032388.1,87.14
ets_damped,2011,25,1,2012,1851884,1900800.2,48916.2,48916.2,2.641
ets_damped,2011,25,2,2013,1687899,1951062.0,263163.0,263163.0,15.591
ets_damped,2011,25,3,2014,1370410,1991271.4,620861.4,620861.4,45.305
ets_damped,2011,25,5,2016,1184750,2049172.9,864422.9,864422.9,72.962
arima,2011,25,1,2012,1851884,1916507.0,64623.0,64623.0,3.49
arima,2011,25,2,2013,1687899,1995041.0,307142.0,307142.0,18.197
arima,2011,25,3,2014,1370410,2073575.0,703165.0,703165.0,51.311
arima,2011,25,5,2016,1184750,2230643.0,1045893.0,1045893.0,88.28
naive,2012,26,1,2013,1687899,1851884,163985,163985,9.715
naive,2012,26,2,2014,1370410,1851884,481474,481474,35.134
naive,2012,26,3,2015,1256575,1851884,595309,595309,47.376
naive,2012,26,5,2017,1158034,1851884,693850,693850,59.916
drift,2012,26,1,2013,1687899,1874379.7,186480.7,186480.7,11.048
drift,2012,26,2,2014,1370410,1896875.4,526465.4,526465.4,38.417
drift,2012,26,3,2015,1256575,1919371.0,662796.0,662796.0,52.746
drift,2012,26,5,2017,1158034,1964362.4,806328.4,806328.4,69.629
linear_trend,2012,26,1,2013,1687899,1693820.1,5921.1,5921.1,0.351
linear_trend,2012,26,2,2014,1370410,1719694.4,349284.4,349284.4,25.488
linear_trend,2012,26,3,2015,1256575,1745568.7,488993.7,488993.7,38.915
linear_trend,2012,26,5,2017,1158034,1797317.3,639283.3,639283.3,55.204
ses,2012,26,1,2013,1687899,1851737.0,163838.0,163838.0,9.707
ses,2012,26,2,2014,1370410,1851737.0,481327.0,481327.0,35.123
ses,2012,26,3,2015,1256575,1851737.0,595162.0,595162.0,47.364
ses,2012,26,5,2017,1158034,1851737.0,693703.0,693703.0,59.904
holt,2012,26,1,2013,1687899,1876207.3,188308.3,188308.3,11.156
holt,2012,26,2,2014,1370410,1900046.0,529636.0,529636.0,38.648
holt,2012,26,3,2015,1256575,1923884.6,667309.6,667309.6,53.105
holt,2012,26,5,2017,1158034,1971561.9,813527.9,813527.9,70.251
ets_damped,2012,26,1,2013,1687899,1865034.9,177135.9,177135.9,10.494
ets_damped,2012,26,2,2014,1370410,1875555.6,505145.6,505145.6,36.861
ets_damped,2012,26,3,2015,1256575,1883972.1,627397.1,627397.1,49.929
ets_damped,2012,26,5,2017,1158034,1896092.0,738058.0,738058.0,63.734
arima,2012,26,1,2013,1687899,1865795.0,177896.0,177896.0,10.539
arima,2012,26,2,2014,1370410,1879706.0,509296.0,509296.0,37.164
arima,2012,26,3,2015,1256575,1893617.0,637042.0,637042.0,50.697
arima,2012,26,5,2017,1158034,1921439.0,763405.0,763405.0,65.923
naive,2013,27,1,2014,1370410,1687899,317489,317489,23.167
naive,2013,27,2,2015,1256575,1687899,431324,431324,34.325
naive,2013,27,3,2016,1184750,1687899,503149,503149,42.469
naive,2013,27,5,2018,1126173,1687899,561726,561726,49.879
drift,2013,27,1,2014,1370410,1703222.3,332812.3,332812.3,24.286
drift,2013,27,2,2015,1256575,1718545.7,461970.7,461970.7,36.764
drift,2013,27,3,2016,1184750,1733869.0,549119.0,549119.0,46.349
drift,2013,27,5,2018,1126173,1764515.7,638342.7,638342.7,56.682
linear_trend,2013,27,1,2014,1370410,1718817.2,348407.2,348407.2,25.424
linear_trend,2013,27,2,2015,1256575,1744644.5,488069.5,488069.5,38.841
linear_trend,2013,27,3,2016,1184750,1770471.8,585721.8,585721.8,49.438
linear_trend,2013,27,5,2018,1126173,1822126.4,695953.4,695953.4,61.798
ses,2013,27,1,2014,1370410,1689537.4,319127.4,319127.4,23.287
ses,2013,27,2,2015,1256575,1689537.4,432962.4,432962.4,34.456
ses,2013,27,3,2016,1184750,1689537.4,504787.4,504787.4,42.607
ses,2013,27,5,2018,1126173,1689537.4,563364.4,563364.4,50.025
holt,2013,27,1,2014,1370410,1528692.9,158282.9,158282.9,11.55
holt,2013,27,2,2015,1256575,1367680.8,111105.8,111105.8,8.842
holt,2013,27,3,2016,1184750,1206668.7,21918.7,21918.7,1.85
holt,2013,27,5,2018,1126173,884644.5,-241528.5,241528.5,21.447
ets_damped,2013,27,1,2014,1370410,1556711.0,186301.0,186301.0,13.595
ets_damped,2013,27,2,2015,1256575,1451760.6,195185.6,195185.6,15.533
ets_damped,2013,27,3,2016,1184750,1367800.3,183050.3,183050.3,15.451
ets_damped,2013,27,5,2018,1126173,1246897.4,120724.4,120724.4,10.72
arima,2013,27,1,2014,1370410,1523914.0,153504.0,153504.0,11.201
arima,2013,27,2,2015,1256575,1359929.0,103354.0,103354.0,8.225
arima,2013,27,3,2016,1184750,1195944.0,11194.0,11194.0,0.945
arima,2013,27,5,2018,1126173,867974.0,-258199.0,258199.0,22.927
naive,2014,28,1,2015,1256575,1370410,113835,113835,9.059
naive,2014,28,2,2016,1184750,1370410,185660,185660,15.671
naive,2014,28,3,2017,1158034,1370410,212376,212376,18.339
naive,2014,28,5,2019,1160261,1370410,210149,210149,18.112
drift,2014,28,1,2015,1256575,1373407.0,116832.0,116832.0,9.298
drift,2014,28,2,2016,1184750,1376403.9,191653.9,191653.9,16.177
drift,2014,28,3,2017,1158034,1379400.9,221366.9,221366.9,19.116
drift,2014,28,5,2019,1160261,1385394.8,225133.8,225133.8,19.404
linear_trend,2014,28,1,2015,1256575,1694872.0,438297.0,438297.0,34.88
linear_trend,2014,28,2,2016,1184750,1718124.9,533374.9,533374.9,45.02
linear_trend,2014,28,3,2017,1158034,1741377.8,583343.8,583343.8,50.374
linear_trend,2014,28,5,2019,1160261,1787883.5,627622.5,627622.5,54.093
ses,2014,28,1,2015,1256575,1373601.3,117026.3,117026.3,9.313
ses,2014,28,2,2016,1184750,1373601.3,188851.3,188851.3,15.94
ses,2014,28,3,2017,1158034,1373601.3,215567.3,215567.3,18.615
ses,2014,28,5,2019,1160261,1373601.3,213340.3,213340.3,18.387
holt,2014,28,1,2015,1256575,1055847.7,-200727.3,200727.3,15.974
holt,2014,28,2,2016,1184750,739702.6,-445047.4,445047.4,37.565
holt,2014,28,3,2017,1158034,423557.5,-734476.5,734476.5,63.424
holt,2014,28,5,2019,1160261,-208732.7,-1368993.7,1368993.7,117.99
ets_damped,2014,28,1,2015,1256575,1077818.7,-178756.3,178756.3,14.226
ets_damped,2014,28,2,2016,1184750,808172.6,-376577.4,376577.4,31.785
ets_damped,2014,28,3,2017,1158034,559672.3,-598361.7,598361.7,51.67
ets_damped,2014,28,5,2019,1160261,119606.2,-1040654.8,1040654.8,89.691
arima,2014,28,1,2015,1256575,1052921.0,-203654.0,203654.0,16.207
arima,2014,28,2,2016,1184750,735432.0,-449318.0,449318.0,37.925
arima,2014,28,3,2017,1158034,417943.0,-740091.0,740091.0,63.909
arima,2014,28,5,2019,1160261,-217035.0,-1377296.0,1377296.0,118.706
naive,2015,29,1,2016,1184750,1256575,71825,71825,6.062
naive,2015,29,2,2017,1158034,1256575,98541,98541,8.509
naive,2015,29,3,2018,1126173,1256575,130402,130402,11.579
naive,2015,29,5,2020,1137234,1256575,119341,119341,10.494
drift,2015,29,1,2016,1184750,1255399.4,70649.4,70649.4,5.963
drift,2015,29,2,2017,1158034,1254223.8,96189.8,96189.8,8.306
drift,2015,29,3,2018,1126173,1253048.2,126875.2,126875.2,11.266
drift,2015,29,5,2020,1137234,1250697.0,113463.0,113463.0,9.977
linear_trend,2015,29,1,2016,1184750,1657670.2,472920.2,472920.2,39.917
linear_trend,2015,29,2,2017,1158034,1677900.3,519866.3,519866.3,44.892
linear_trend,2015,29,3,2018,1126173,1698130.4,571957.4,571957.4,50.788
linear_trend,2015,29,5,2020,1137234,1738590.7,601356.7,601356.7,52.879
ses,2015,29,1,2016,1184750,1257745.3,72995.3,72995.3,6.161
ses,2015,29,2,2017,1158034,1257745.3,99711.3,99711.3,8.61
ses,2015,29,3,2018,1126173,1257745.3,131572.3,131572.3,11.683
ses,2015,29,5,2020,1137234,1257745.3,120511.3,120511.3,10.597
holt,2015,29,1,2016,1184750,1135155.4,-49594.6,49594.6,4.186
holt,2015,29,2,2017,1158034,1015743.1,-142290.9,142290.9,12.287
holt,2015,29,3,2018,1126173,896330.8,-229842.2,229842.2,20.409
holt,2015,29,5,2020,1137234,657506.2,-479727.8,479727.8,42.184
ets_damped,2015,29,1,2016,1184750,1165507.0,-19243.0,19243.0,1.624
ets_damped,2015,29,2,2017,1158034,1092652.6,-65381.4,65381.4,5.646
ets_damped,2015,29,3,2018,1126173,1034369.1,-91803.9,91803.9,8.152
ets_damped,2015,29,5,2020,1137234,950440.8,-186793.2,186793.2,16.425
arima,2015,29,1,2016,1184750,1142740.0,-42010.0,42010.0,3.546
arima,2015,29,2,2017,1158034,1028905.0,-129129.0,129129.0,11.151
arima,2015,29,3,2018,1126173,915070.0,-211103.0,211103.0,18.745
arima,2015,29,5,2020,1137234,687400.0,-449834.0,449834.0,39.555
naive,2016,30,1,2017,1158034,1184750,26716,26716,2.307
naive,2016,30,2,2018,1126173,1184750,58577,58577,5.201
naive,2016,30,3,2019,1160261,1184750,24489,24489,2.111
naive,2016,30,5,2021,1185971,1184750,-1221,1221,0.103
drift,2016,30,1,2017,1158034,1181138.2,23104.2,23104.2,1.995
drift,2016,30,2,2018,1126173,1177526.4,51353.4,51353.4,4.56
drift,2016,30,3,2019,1160261,1173914.6,13653.6,13653.6,1.177
drift,2016,30,5,2021,1185971,1166691.0,-19280.0,19280.0,1.626
linear_trend,2016,30,1,2017,1158034,1614844.3,456810.3,456810.3,39.447
linear_trend,2016,30,2,2018,1126173,1632023.3,505850.3,505850.3,44.918
linear_trend,2016,30,3,2019,1160261,1649202.3,488941.3,488941.3,42.141
linear_trend,2016,30,5,2021,1185971,1683560.4,497589.4,497589.4,41.956
ses,2016,30,1,2017,1158034,1185480.0,27446.0,27446.0,2.37
ses,2016,30,2,2018,1126173,1185480.0,59307.0,59307.0,5.266
ses,2016,30,3,2019,1160261,1185480.0,25219.0,25219.0,2.174
ses,2016,30,5,2021,1185971,1185480.0,-491.0,491.0,0.041
holt,2016,30,1,2017,1158034,1113449.4,-44584.6,44584.6,3.85
holt,2016,30,2,2018,1126173,1042644.7,-83528.3,83528.3,7.417
holt,2016,30,3,2019,1160261,971840.1,-188420.9,188420.9,16.24
holt,2016,30,5,2021,1185971,830230.8,-355740.2,355740.2,29.996
ets_damped,2016,30,1,2017,1158034,1127290.0,-30744.0,30744.0,2.655
ets_damped,2016,30,2,2018,1126173,1081322.0,-44851.0,44851.0,3.983
ets_damped,2016,30,3,2019,1160261,1044547.6,-115713.4,115713.4,9.973
ets_damped,2016,30,5,2021,1185971,991592.5,-194378.5,194378.5,16.39
arima,2016,30,1,2017,1158034,1112925.0,-45109.0,45109.0,3.895
arima,2016,30,2,2018,1126173,1041100.0,-85073.0,85073.0,7.554
arima,2016,30,3,2019,1160261,969275.0,-190986.0,190986.0,16.461
arima,2016,30,5,2021,1185971,825625.0,-360346.0,360346.0,30.384
naive,2017,31,1,2018,1126173,1158034,31861,31861,2.829
naive,2017,31,2,2019,1160261,1158034,-2227,2227,0.192
naive,2017,31,3,2020,1137234,1158034,20800,20800,1.829
naive,2017,31,5,2022,1214724,1158034,-56690,56690,4.667
drift,2017,31,1,2018,1126173,1153652.1,27479.1,27479.1,2.44
drift,2017,31,2,2019,1160261,1149270.1,-10990.9,10990.9,0.947
drift,2017,31,3,2020,1137234,1144888.2,7654.2,7654.2,0.673
drift,2017,31,5,2022,1214724,1136124.3,-78599.7,78599.7,6.471
linear_trend,2017,31,1,2018,1126173,1573080.0,446907.0,446907.0,39.684
linear_trend,2017,31,2,2019,1160261,1587496.1,427235.1,427235.1,36.822
linear_trend,2017,31,3,2020,1137234,1601912.2,464678.2,464678.2,40.86
linear_trend,2017,31,5,2022,1214724,1630744.3,416020.3,416020.3,34.248
ses,2017,31,1,2018,1126173,1158308.5,32135.5,32135.5,2.854
ses,2017,31,2,2019,1160261,1158308.5,-1952.5,1952.5,0.168
ses,2017,31,3,2020,1137234,1158308.5,21074.5,21074.5,1.853
ses,2017,31,5,2022,1214724,1158308.5,-56415.5,56415.5,4.644
holt,2017,31,1,2018,1126173,1130480.9,4307.9,4307.9,0.383
holt,2017,31,2,2019,1160261,1103373.6,-56887.4,56887.4,4.903
holt,2017,31,3,2020,1137234,1076266.3,-60967.7,60967.7,5.361
holt,2017,31,5,2022,1214724,1022051.7,-192672.3,192672.3,15.861
ets_damped,2017,31,1,2018,1126173,1136661.2,10488.2,10488.2,0.931
ets_damped,2017,31,2,2019,1160261,1119563.0,-40698.0,40698.0,3.508
ets_damped,2017,31,3,2020,1137234,1105884.4,-31349.6,31349.6,2.757
ets_damped,2017,31,5,2022,1214724,1086187.2,-128536.8,128536.8,10.582
arima,2017,31,1,2018,1126173,1131318.0,5145.0,5145.0,0.457
arima,2017,31,2,2019,1160261,1104602.0,-55659.0,55659.0,4.797
arima,2017,31,3,2020,1137234,1077886.0,-59348.0,59348.0,5.219
arima,2017,31,5,2022,1214724,1024454.0,-190270.0,190270.0,15.664
naive,2018,32,1,2019,1160261,1126173,-34088,34088,2.938
naive,2018,32,2,2020,1137234,1126173,-11061,11061,0.973
naive,2018,32,3,2021,1185971,1126173,-59798,59798,5.042
naive,2018,32,5,2023,1287707,1126173,-161534,161534,12.544
drift,2018,32,1,2019,1160261,1120904.6,-39356.4,39356.4,3.392
drift,2018,32,2,2020,1137234,1115636.3,-21597.7,21597.7,1.899
drift,2018,32,3,2021,1185971,1110367.9,-75603.1,75603.1,6.375
drift,2018,32,5,2023,1287707,1099831.2,-187875.8,187875.8,14.59
linear_trend,2018,32,1,2019,1160261,1531632.7,371371.7,371371.7,32.008
linear_trend,2018,32,2,2020,1137234,1543509.6,406275.6,406275.6,35.725
linear_trend,2018,32,3,2021,1185971,1555386.4,369415.4,369415.4,31.149
linear_trend,2018,32,5,2023,1287707,1579140.0,291433.0,291433.0,22.632
ses,2018,32,1,2019,1160261,1126494.4,-33766.6,33766.6,2.91
ses,2018,32,2,2020,1137234,1126494.4,-10739.6,10739.6,0.944
ses,2018,32,3,2021,1185971,1126494.4,-59476.6,59476.6,5.015
ses,2018,32,5,2023,1287707,1126494.4,-161212.6,161212.6,12.519
holt,2018,32,1,2019,1160261,1094886.7,-65374.3,65374.3,5.634
holt,2018,32,2,2020,1137234,1063557.2,-73676.8,73676.8,6.479
holt,2018,32,3,2021,1185971,1032227.8,-153743.2,153743.2,12.963
holt,2018,32,5,2023,1287707,969568.9,-318138.1,318138.1,24.706
ets_damped,2018,32,1,2019,1160261,1100684.2,-59576.8,59576.8,5.135
ets_damped,2018,32,2,2020,1137234,1080293.2,-56940.8,56940.8,5.007
ets_damped,2018,32,3,2021,1185971,1063980.3,-121990.7,121990.7,10.286
ets_damped,2018,32,5,2023,1287707,1040489.9,-247217.1,247217.1,19.198
arima,2018,32,1,2019,1160261,1094312.0,-65949.0,65949.0,5.684
arima,2018,32,2,2020,1137234,1062451.0,-74783.0,74783.0,6.576
arima,2018,32,3,2021,1185971,1030590.0,-155381.0,155381.0,13.102
arima,2018,32,5,2023,1287707,966868.0,-320839.0,320839.0,24.916
naive,2019,33,1,2020,1137234,1160261,23027,23027,2.025
naive,2019,33,2,2021,1185971,1160261,-25710,25710,2.168
naive,2019,33,3,2022,1214724,1160261,-54463,54463,4.484
naive,2019,33,5,2024,1330602,1160261,-170341,170341,12.802
drift,2019,33,1,2020,1137234,1156222.5,18988.5,18988.5,1.67
drift,2019,33,2,2021,1185971,1152184.1,-33786.9,33786.9,2.849
drift,2019,33,3,2022,1214724,1148145.6,-66578.4,66578.4,5.481
drift,2019,33,5,2024,1330602,1140068.7,-190533.3,190533.3,14.319
linear_trend,2019,33,1,2020,1137234,1498494.8,361260.8,361260.8,31.767
linear_trend,2019,33,2,2021,1185971,1508385.7,322414.7,322414.7,27.186
linear_trend,2019,33,3,2022,1214724,1518276.6,303552.6,303552.6,24.989
linear_trend,2019,33,5,2024,1330602,1538058.3,207456.3,207456.3,15.591
ses,2019,33,1,2020,1137234,1159923.3,22689.3,22689.3,1.995
ses,2019,33,2,2021,1185971,1159923.3,-26047.7,26047.7,2.196
ses,2019,33,3,2022,1214724,1159923.3,-54800.7,54800.7,4.511
ses,2019,33,5,2024,1330602,1159923.3,-170678.7,170678.7,12.827
holt,2019,33,1,2020,1137234,1192351.2,55117.2,55117.2,4.847
holt,2019,33,2,2021,1185971,1225095.2,39124.2,39124.2,3.299
holt,2019,33,3,2022,1214724,1257839.2,43115.2,43115.2,3.549
holt,2019,33,5,2024,1330602,1323327.1,-7274.9,7274.9,0.547
ets_damped,2019,33,1,2020,1137234,1187531.4,50297.4,50297.4,4.423
ets_damped,2019,33,2,2021,1185971,1209347.7,23376.7,23376.7,1.971
ets_damped,2019,33,3,2022,1214724,1226800.8,12076.8,12076.8,0.994
ets_damped,2019,33,5,2024,1330602,1251933.2,-78668.8,78668.8,5.912
arima,2019,33,1,2020,1137234,1194349.0,57115.0,57115.0,5.022
arima,2019,33,2,2021,1185971,1228437.0,42466.0,42466.0,3.581
arima,2019,33,3,2022,1214724,1262525.0,47801.0,47801.0,3.935
arima,2019,33,5,2024,1330602,1330701.0,99.0,99.0,0.007
naive,2020,34,1,2021,1185971,1137234,-48737,48737,4.109
naive,2020,34,2,2022,1214724,1137234,-77490,77490,6.379
naive,2020,34,3,2023,1287707,1137234,-150473,150473,11.685
naive,2020,34,5,2025,1340527,1137234,-203293,203293,15.165
drift,2020,34,1,2021,1185971,1132620.1,-53350.9,53350.9,4.498
drift,2020,34,2,2022,1214724,1128006.2,-86717.8,86717.8,7.139
drift,2020,34,3,2023,1287707,1123392.4,-164314.6,164314.6,12.76
drift,2020,34,5,2025,1340527,1114164.6,-226362.4,226362.4,16.886
linear_trend,2020,34,1,2021,1185971,1465884.4,279913.4,279913.4,23.602
linear_trend,2020,34,2,2022,1214724,1473953.8,259229.8,259229.8,21.341
linear_trend,2020,34,3,2023,1287707,1482023.2,194316.2,194316.2,15.09
linear_trend,2020,34,5,2025,1340527,1498162.0,157635.0,157635.0,11.759
ses,2020,34,1,2021,1185971,1137460.9,-48510.1,48510.1,4.09
ses,2020,34,2,2022,1214724,1137460.9,-77263.1,77263.1,6.361
ses,2020,34,3,2023,1287707,1137460.9,-150246.1,150246.1,11.668
ses,2020,34,5,2025,1340527,1137460.9,-203066.1,203066.1,15.148
holt,2020,34,1,2021,1185971,1116508.7,-69462.3,69462.3,5.857
holt,2020,34,2,2022,1214724,1095232.3,-119491.7,119491.7,9.837
holt,2020,34,3,2023,1287707,1073955.9,-213751.1,213751.1,16.599
holt,2020,34,5,2025,1340527,1031403.1,-309123.9,309123.9,23.06
ets_damped,2020,34,1,2021,1185971,1118812.4,-67158.6,67158.6,5.663
ets_damped,2020,34,2,2022,1214724,1104075.1,-110648.9,110648.9,9.109
ets_damped,2020,34,3,2023,1287707,1092285.3,-195421.7,195421.7,15.176
ets_damped,2020,34,5,2025,1340527,1075308.0,-265219.0,265219.0,19.785
arima,2020,34,1,2021,1185971,1114207.0,-71764.0,71764.0,6.051
arima,2020,34,2,2022,1214724,1091180.0,-123544.0,123544.0,10.171
arima,2020,34,3,2023,1287707,1068153.0,-219554.0,219554.0,17.05
arima,2020,34,5,2025,1340527,1022099.0,-318428.0,318428.0,23.754
naive,2021,35,1,2022,1214724,1185971,-28753,28753,2.367
naive,2021,35,2,2023,1287707,1185971,-101736,101736,7.901
naive,2021,35,3,2024,1330602,1185971,-144631,144631,10.87
drift,2021,35,1,2022,1214724,1182926.3,-31797.7,31797.7,2.618
drift,2021,35,2,2023,1287707,1179881.5,-107825.5,107825.5,8.373
drift,2021,35,3,2024,1330602,1176836.8,-153765.2,153765.2,11.556
linear_trend,2021,35,1,2022,1214724,1441963.7,227239.7,227239.7,18.707
linear_trend,2021,35,2,2023,1287707,1448700.2,160993.2,160993.2,12.502
linear_trend,2021,35,3,2024,1330602,1455436.6,124834.6,124834.6,9.382
ses,2021,35,1,2022,1214724,1185485.9,-29238.1,29238.1,2.407
ses,2021,35,2,2023,1287707,1185485.9,-102221.1,102221.1,7.938
ses,2021,35,3,2024,1330602,1185485.9,-145116.1,145116.1,10.906
holt,2021,35,1,2022,1214724,1232079.9,17355.9,17355.9,1.429
holt,2021,35,2,2023,1287707,1278883.4,-8823.6,8823.6,0.685
holt,2021,35,3,2024,1330602,1325687.0,-4915.0,4915.0,0.369
ets_damped,2021,35,1,2022,1214724,1224960.6,10236.6,10236.6,0.843
ets_damped,2021,35,2,2023,1287707,1256152.3,-31554.7,31554.7,2.45
ets_damped,2021,35,3,2024,1330602,1281105.6,-49496.4,49496.4,3.72
arima,2021,35,1,2022,1214724,1234708.0,19984.0,19984.0,1.645
arima,2021,35,2,2023,1287707,1283445.0,-4262.0,4262.0,0.331
arima,2021,35,3,2024,1330602,1332182.0,1580.0,1580.0,0.119
naive,2022,36,1,2023,1287707,1214724,-72983,72983,5.668
naive,2022,36,2,2024,1330602,1214724,-115878,115878,8.709
naive,2022,36,3,2025,1340527,1214724,-125803,125803,9.385
drift,2022,36,1,2023,1287707,1212587.8,-75119.2,75119.2,5.834
drift,2022,36,2,2024,1330602,1210451.5,-120150.5,120150.5,9.03
drift,2022,36,3,2025,1340527,1208315.3,-132211.7,132211.7,9.863
linear_trend,2022,36,1,2023,1287707,1423451.3,135744.3,135744.3,10.542
linear_trend,2022,36,2,2024,1330602,1429164.2,98562.2,98562.2,7.407
linear_trend,2022,36,3,2025,1340527,1434877.1,94350.1,94350.1,7.038
ses,2022,36,1,2023,1287707,1214431.6,-73275.4,73275.4,5.69
ses,2022,36,2,2024,1330602,1214431.6,-116170.4,116170.4,8.731
ses,2022,36,3,2025,1340527,1214431.6,-126095.4,126095.4,9.406
holt,2022,36,1,2023,1287707,1244690.6,-43016.4,43016.4,3.341
holt,2022,36,2,2024,1330602,1274483.6,-56118.4,56118.4,4.218
holt,2022,36,3,2025,1340527,1304276.6,-36250.4,36250.4,2.704
ets_damped,2022,36,1,2023,1287707,1237726.4,-49980.6,49980.6,3.881
ets_damped,2022,36,2,2024,1330602,1256128.3,-74473.7,74473.7,5.597
ets_damped,2022,36,3,2025,1340527,1270849.9,-69677.1,69677.1,5.198
arima,2022,36,1,2023,1287707,1243477.0,-44230.0,44230.0,3.435
arima,2022,36,2,2024,1330602,1272230.0,-58372.0,58372.0,4.387
arima,2022,36,3,2025,1340527,1300983.0,-39544.0,39544.0,2.95
naive,2023,37,1,2024,1330602,1287707,-42895,42895,3.224
naive,2023,37,2,2025,1340527,1287707,-52820,52820,3.94
drift,2023,37,1,2024,1330602,1287657.4,-42944.6,42944.6,3.227
drift,2023,37,2,2025,1340527,1287607.8,-52919.2,52919.2,3.948
linear_trend,2023,37,1,2024,1330602,1414489.1,83887.1,83887.1,6.304
linear_trend,2023,37,2,2025,1340527,1419622.7,79095.7,79095.7,5.9
ses,2023,37,1,2024,1330602,1286974.2,-43627.8,43627.8,3.279
ses,2023,37,2,2025,1340527,1286974.2,-53552.8,53552.8,3.995
holt,2023,37,1,2024,1330602,1359230.2,28628.2,28628.2,2.152
holt,2023,37,2,2025,1340527,1431183.7,90656.7,90656.7,6.763
ets_damped,2023,37,1,2024,1330602,1346093.4,15491.4,15491.4,1.164
ets_damped,2023,37,2,2025,1340527,1392802.5,52275.5,52275.5,3.9
arima,2023,37,1,2024,1330602,1360690.0,30088.0,30088.0,2.261
arima,2023,37,2,2025,1340527,1433673.0,93146.0,93146.0,6.948
naive,2024,38,1,2025,1340527,1330602,-9925,9925,0.74
drift,2024,38,1,2025,1340527,1331713.1,-8813.9,8813.9,0.657
linear_trend,2024,38,1,2025,1340527,1410792.5,70265.5,70265.5,5.242
ses,2024,38,1,2025,1340527,1330165.7,-10361.3,10361.3,0.773
holt,2024,38,1,2025,1340527,1374783.1,34256.1,34256.1,2.555
ets_damped,2024,38,1,2025,1340527,1364918.0,24391.0,24391.0,1.82
arima,2024,38,1,2025,1340527,1373497.0,32970.0,32970.0,2.459
