region_code,region_name,model,horizon_years,n_origins,first_origin_year,last_origin_year,mae,rmse,mape_pct,mean_error_bias
E12000001,North East,drift,1,29,1996,2024,7778.6,11147.2,10.45,-561.0
E12000001,North East,holt,1,29,1996,2024,8430.6,12419.2,11.59,432.0
E12000001,North East,linear_trend,1,29,1996,2024,13714.5,16072.7,19.77,1120.1
E12000001,North East,naive,1,29,1996,2024,7898.3,10894.3,10.72,655.6
E12000001,North East,ses,1,29,1996,2024,7878.6,10893.5,10.69,662.1
E12000001,North East,drift,2,28,1996,2023,11241.4,16257.9,15.35,-1584.3
E12000001,North East,holt,2,28,1996,2023,16047.3,21281.6,21.44,304.3
E12000001,North East,linear_trend,2,28,1996,2023,16165.5,18638.9,23.29,850.3
E12000001,North East,naive,2,28,1996,2023,11105.4,15393.7,15.53,879.9
E12000001,North East,ses,2,28,1996,2023,11078.3,15375.8,15.49,884.0
E12000001,North East,drift,3,27,1996,2022,14132.9,19078.2,18.98,-3127.1
E12000001,North East,holt,3,27,1996,2022,19899.2,27664.4,26.08,-785.5
E12000001,North East,linear_trend,3,27,1996,2022,18166.1,20749.5,26.22,441.0
E12000001,North East,naive,3,27,1996,2022,13552.2,17333.1,18.78,641.0
E12000001,North East,ses,3,27,1996,2022,13550.7,17322.4,18.79,654.7
E12000001,North East,drift,5,25,1996,2020,20129.4,25927.1,27.3,-4580.6
E12000001,North East,holt,5,25,1996,2020,33531.8,44712.9,45.28,-326.5
E12000001,North East,linear_trend,5,25,1996,2020,21878.2,24285.4,31.64,-603.0
E12000001,North East,naive,5,25,1996,2020,18404.2,22009.1,26.33,1676.6
E12000001,North East,ses,5,25,1996,2020,18428.6,22007.9,26.37,1690.5
E12000002,North West,drift,1,29,1996,2024,12929.3,16055.3,7.06,-3457.2
E12000002,North West,holt,1,29,1996,2024,12457.1,16501.1,6.71,151.3
E12000002,North West,linear_trend,1,29,1996,2024,31187.9,41121.7,15.91,-13842.0
E12000002,North West,naive,1,29,1996,2024,12560.9,15335.8,6.82,-2252.9
E12000002,North West,ses,1,29,1996,2024,12607.8,15378.6,6.85,-2272.1
E12000002,North West,drift,2,28,1996,2023,20915.7,26871.4,11.21,-7797.9
E12000002,North West,holt,2,28,1996,2023,22288.1,28042.5,11.7,-665.0
E12000002,North West,linear_trend,2,28,1996,2023,37125.0,49213.0,18.68,-18243.7
E12000002,North West,naive,2,28,1996,2023,19431.5,24378.3,10.37,-5280.9
E12000002,North West,ses,2,28,1996,2023,19493.1,24438.2,10.4,-5299.4
E12000002,North West,drift,3,27,1996,2022,30626.0,38770.9,16.14,-12359.3
E12000002,North West,holt,3,27,1996,2022,37207.7,43109.8,19.06,-1897.3
E12000002,North West,linear_trend,3,27,1996,2022,43878.9,57775.4,21.78,-23040.0
E12000002,North West,naive,3,27,1996,2022,27148.6,33775.9,14.25,-8419.1
E12000002,North West,ses,3,27,1996,2022,27178.9,33819.4,14.27,-8432.7
E12000002,North West,drift,5,25,1996,2020,46616.4,60724.0,23.57,-21020.9
E12000002,North West,holt,5,25,1996,2020,62157.3,71974.3,31.14,-854.2
E12000002,North West,linear_trend,5,25,1996,2020,58308.2,75132.2,28.09,-34574.8
E12000002,North West,naive,5,25,1996,2020,38289.4,48388.5,19.27,-14104.8
E12000002,North West,ses,5,25,1996,2020,38325.9,48424.8,19.29,-14119.3
E12000003,Yorkshire and The Humber,drift,1,29,1996,2024,13476.1,21659.0,7.02,1330.2
E12000003,Yorkshire and The Humber,holt,1,29,1996,2024,17952.9,24305.5,9.83,-1904.7
E12000003,Yorkshire and The Humber,linear_trend,1,29,1996,2024,44248.4,53364.7,25.51,18794.8
E12000003,Yorkshire and The Humber,naive,1,29,1996,2024,13435.4,21191.0,6.96,-269.7
E12000003,Yorkshire and The Humber,ses,1,29,1996,2024,13510.3,21233.1,7.0,-267.6
E12000003,Yorkshire and The Humber,drift,2,28,1996,2023,24853.6,34893.5,13.09,3060.0
E12000003,Yorkshire and The Humber,holt,2,28,1996,2023,32634.6,40615.1,18.29,-4280.2
E12000003,Yorkshire and The Humber,linear_trend,2,28,1996,2023,52110.7,61738.6,29.96,21042.6
E12000003,Yorkshire and The Humber,naive,2,28,1996,2023,23804.5,33365.1,12.43,-230.4
E12000003,Yorkshire and The Humber,ses,2,28,1996,2023,23883.7,33437.5,12.48,-220.1
E12000003,Yorkshire and The Humber,drift,3,27,1996,2022,36223.3,49212.6,19.31,5874.8
E12000003,Yorkshire and The Humber,holt,3,27,1996,2022,51101.3,61990.9,28.63,-5514.2
E12000003,Yorkshire and The Humber,linear_trend,3,27,1996,2022,60133.3,70177.6,34.49,23463.5
E12000003,Yorkshire and The Humber,naive,3,27,1996,2022,33480.4,46009.9,17.73,724.3
E12000003,Yorkshire and The Humber,ses,3,27,1996,2022,33540.6,46067.8,17.76,733.5
E12000003,Yorkshire and The Humber,drift,5,25,1996,2020,56447.1,75670.9,31.09,11348.5
E12000003,Yorkshire and The Humber,holt,5,25,1996,2020,86960.0,106277.1,47.46,-9309.5
E12000003,Yorkshire and The Humber,linear_trend,5,25,1996,2020,74195.7,85466.3,42.55,27671.9
E12000003,Yorkshire and The Humber,naive,5,25,1996,2020,52047.8,67724.0,27.88,1996.9
E12000003,Yorkshire and The Humber,ses,5,25,1996,2020,52114.7,67773.2,27.92,2007.1
E12000004,East Midlands,drift,1,29,1996,2024,6280.1,8405.2,6.47,763.0
E12000004,East Midlands,holt,1,29,1996,2024,7306.0,9210.8,7.38,-374.6
E12000004,East Midlands,linear_trend,1,29,1996,2024,14585.4,18895.3,15.58,4489.9
E12000004,East Midlands,naive,1,29,1996,2024,6191.6,8245.8,6.39,1006.1
E12000004,East Midlands,ses,1,29,1996,2024,6206.4,8269.1,6.41,1016.1
E12000004,East Midlands,drift,2,28,1996,2023,9856.1,13741.3,10.18,1150.4
E12000004,East Midlands,holt,2,28,1996,2023,13037.8,16233.3,13.4,-1262.5
E12000004,East Midlands,linear_trend,2,28,1996,2023,17095.5,21936.7,18.2,4582.7
E12000004,East Midlands,naive,2,28,1996,2023,9305.6,13186.9,9.66,1608.7
E12000004,East Midlands,ses,2,28,1996,2023,9328.8,13204.1,9.68,1620.2
E12000004,East Midlands,drift,3,27,1996,2022,14431.8,18190.4,14.75,1676.3
E12000004,East Midlands,holt,3,27,1996,2022,18195.6,22494.2,18.35,-2266.6
E12000004,East Midlands,linear_trend,3,27,1996,2022,19782.9,24912.9,20.99,4678.5
E12000004,East Midlands,naive,3,27,1996,2022,13110.9,17071.6,13.54,2307.7
E12000004,East Midlands,ses,3,27,1996,2022,13136.9,17091.5,13.57,2321.0
E12000004,East Midlands,drift,5,25,1996,2020,24118.4,27894.8,24.99,3250.4
E12000004,East Midlands,holt,5,25,1996,2020,33036.7,40012.0,33.97,-4412.8
E12000004,East Midlands,linear_trend,5,25,1996,2020,25476.2,30458.2,27.08,4895.8
E12000004,East Midlands,naive,5,25,1996,2020,20725.6,25131.6,21.7,4043.7
E12000004,East Midlands,ses,5,25,1996,2020,20737.8,25149.8,21.72,4057.5
E12000005,West Midlands,drift,1,29,1996,2024,10511.1,13833.1,8.48,-1909.8
E12000005,West Midlands,holt,1,29,1996,2024,10959.3,15321.6,8.92,226.9
E12000005,West Midlands,linear_trend,1,29,1996,2024,26149.2,31328.3,21.26,-6570.2
E12000005,West Midlands,naive,1,29,1996,2024,10013.0,13357.1,8.0,-1052.3
E12000005,West Midlands,ses,1,29,1996,2024,10038.3,13397.0,8.02,-1057.0
E12000005,West Midlands,drift,2,28,1996,2023,18497.4,23183.3,14.8,-3709.9
E12000005,West Midlands,holt,2,28,1996,2023,20697.5,27496.6,17.07,730.7
E12000005,West Midlands,linear_trend,2,28,1996,2023,31050.3,36708.1,25.09,-8989.8
E12000005,West Midlands,naive,2,28,1996,2023,16533.6,21705.4,12.94,-1963.6
E12000005,West Midlands,ses,2,28,1996,2023,16557.2,21735.5,12.96,-1966.9
E12000005,West Midlands,drift,3,27,1996,2022,25064.5,31182.3,20.72,-5419.9
E12000005,West Midlands,holt,3,27,1996,2022,29948.1,38423.9,24.95,1508.2
E12000005,West Midlands,linear_trend,3,27,1996,2022,35763.2,42107.5,28.73,-11567.0
E12000005,West Midlands,naive,3,27,1996,2022,21258.4,28389.8,17.16,-2764.0
E12000005,West Midlands,ses,3,27,1996,2022,21287.0,28424.0,17.18,-2764.5
E12000005,West Midlands,drift,5,25,1996,2020,40386.1,47203.7,34.0,-8185.1
E12000005,West Midlands,holt,5,25,1996,2020,48780.7,61606.8,41.23,4298.0
E12000005,West Midlands,linear_trend,5,25,1996,2020,45942.0,52904.1,36.16,-17219.2
E12000005,West Midlands,naive,5,25,1996,2020,33142.0,40841.3,27.52,-3716.6
E12000005,West Midlands,ses,5,25,1996,2020,33167.5,40846.7,27.54,-3714.3
E12000006,East of England,drift,1,29,1996,2024,7357.1,10601.4,6.54,-241.6
E12000006,East of England,holt,1,29,1996,2024,8904.2,12324.7,8.04,39.4
E12000006,East of England,linear_trend,1,29,1996,2024,25934.7,28346.9,23.09,810.4
E12000006,East of England,naive,1,29,1996,2024,7341.1,10267.8,6.45,-58.0
E12000006,East of England,ses,1,29,1996,2024,7349.0,10301.3,6.45,-59.2
E12000006,East of England,drift,2,28,1996,2023,11885.3,18043.4,10.52,-684.1
E12000006,East of England,holt,2,28,1996,2023,15827.5,22828.5,14.27,-185.6
E12000006,East of England,linear_trend,2,28,1996,2023,31144.9,33209.5,27.58,-236.7
E12000006,East of England,naive,2,28,1996,2023,11203.2,16958.0,9.68,-345.2
E12000006,East of England,ses,2,28,1996,2023,11235.9,16983.8,9.71,-344.6
E12000006,East of England,drift,3,27,1996,2022,17485.6,24444.7,15.45,-839.9
E12000006,East of England,holt,3,27,1996,2022,22889.4,32546.9,20.62,217.6
E12000006,East of England,linear_trend,3,27,1996,2022,36462.7,38193.4,32.05,-1387.8
E12000006,East of England,naive,3,27,1996,2022,16039.1,22351.5,13.85,-393.9
E12000006,East of England,ses,3,27,1996,2022,16073.2,22371.1,13.87,-394.0
E12000006,East of England,drift,5,25,1996,2020,29171.5,36143.0,25.04,-1029.2
E12000006,East of England,holt,5,25,1996,2020,39727.1,52028.3,35.56,1266.9
E12000006,East of England,linear_trend,5,25,1996,2020,46717.8,48362.5,40.17,-3946.4
E12000006,East of England,naive,5,25,1996,2020,25642.4,31299.4,21.74,-461.4
E12000006,East of England,ses,5,25,1996,2020,25685.5,31320.0,21.78,-462.8
E12000007,London,drift,1,29,1996,2024,17778.1,25828.6,6.72,-5866.8
E12000007,London,holt,1,29,1996,2024,18219.9,28841.5,6.82,-3126.9
E12000007,London,linear_trend,1,29,1996,2024,56709.0,65232.8,20.91,-16633.0
E12000007,London,naive,1,29,1996,2024,17047.0,24816.2,6.23,-5598.4
E12000007,London,ses,1,29,1996,2024,17101.9,24893.9,6.24,-5655.3
E12000007,London,drift,2,28,1996,2023,33392.3,43781.4,12.48,-12039.0
E12000007,London,holt,2,28,1996,2023,33858.2,49283.2,12.96,-7335.6
E12000007,London,linear_trend,2,28,1996,2023,68556.9,77621.3,25.1,-21679.8
E12000007,London,naive,2,28,1996,2023,31154.8,40777.5,11.15,-11343.9
E12000007,London,ses,2,28,1996,2023,31267.8,40878.5,11.19,-11398.3
E12000007,London,drift,3,27,1996,2022,51306.4,62768.5,18.98,-18454.9
E12000007,London,holt,3,27,1996,2022,57795.9,76823.3,21.63,-12842.5
E12000007,London,linear_trend,3,27,1996,2022,81031.2,90660.6,29.33,-27258.9
E12000007,London,naive,3,27,1996,2022,46512.6,56761.0,16.58,-17190.7
E12000007,London,ses,3,27,1996,2022,46631.0,56851.2,16.62,-17241.1
E12000007,London,drift,5,25,1996,2020,88123.8,98405.1,31.34,-29748.2
E12000007,London,holt,5,25,1996,2020,108344.6,134784.1,39.28,-27318.5
E12000007,London,linear_trend,5,25,1996,2020,104272.2,116900.6,36.32,-38439.2
E12000007,London,naive,5,25,1996,2020,75735.9,84263.8,26.3,-27038.8
E12000007,London,ses,5,25,1996,2020,75824.4,84323.7,26.33,-27070.3
E12000008,South East,drift,1,29,1996,2024,9374.7,13707.3,6.05,780.7
E12000008,South East,holt,1,29,1996,2024,8768.8,12371.0,5.8,125.1
E12000008,South East,linear_trend,1,29,1996,2024,44980.4,50328.9,31.74,8304.2
E12000008,South East,naive,1,29,1996,2024,9472.4,13359.0,5.99,-361.5
E12000008,South East,ses,1,29,1996,2024,9541.4,13428.8,6.04,-367.6
E12000008,South East,drift,2,28,1996,2023,18778.6,24895.0,12.23,1442.5
E12000008,South East,holt,2,28,1996,2023,16604.0,22450.9,10.92,-107.1
E12000008,South East,linear_trend,2,28,1996,2023,53197.0,58309.5,37.36,7964.5
E12000008,South East,naive,2,28,1996,2023,18853.9,23686.5,11.93,-940.2
E12000008,South East,ses,2,28,1996,2023,18934.5,23762.6,11.98,-946.4
E12000008,South East,drift,3,27,1996,2022,28562.7,36353.3,18.92,2261.2
E12000008,South East,holt,3,27,1996,2022,26778.5,35353.6,17.5,-402.8
E12000008,South East,linear_trend,3,27,1996,2022,61646.4,66654.5,43.07,7423.3
E12000008,South East,naive,3,27,1996,2022,28098.8,33818.7,17.92,-1472.2
E12000008,South East,ses,3,27,1996,2022,28170.3,33888.6,17.97,-1477.8
E12000008,South East,drift,5,25,1996,2020,49035.7,58778.5,32.97,5261.4
E12000008,South East,holt,5,25,1996,2020,50291.9,61356.1,34.65,1072.9
E12000008,South East,linear_trend,5,25,1996,2020,78437.2,83713.4,54.03,5848.6
E12000008,South East,naive,5,25,1996,2020,45414.9,52320.7,29.53,-1611.5
E12000008,South East,ses,5,25,1996,2020,45480.4,52384.8,29.57,-1615.9
E12000009,South West,drift,1,29,1996,2024,9262.9,14882.1,6.97,-24.3
E12000009,South West,holt,1,29,1996,2024,11232.2,18445.0,8.32,207.9
E12000009,South West,linear_trend,1,29,1996,2024,28271.5,34290.7,22.21,4458.4
E12000009,South West,naive,1,29,1996,2024,9382.4,14649.6,7.05,-1667.1
E12000009,South West,ses,1,29,1996,2024,9586.4,14738.2,7.26,-1721.9
E12000009,South West,drift,2,28,1996,2023,16596.3,24408.3,12.49,-39.2
E12000009,South West,holt,2,28,1996,2023,20012.9,30898.7,15.07,267.8
E12000009,South West,linear_trend,2,28,1996,2023,33312.7,39548.1,26.09,4257.5
E12000009,South West,naive,2,28,1996,2023,16895.1,23590.5,12.52,-3359.1
E12000009,South West,ses,2,28,1996,2023,16991.3,23726.1,12.58,-3416.0
E12000009,South West,drift,3,27,1996,2022,24757.4,33300.0,18.95,-61.3
E12000009,South West,holt,3,27,1996,2022,30304.3,44726.7,23.55,288.5
E12000009,South West,linear_trend,3,27,1996,2022,38825.9,44745.4,30.24,3996.3
E12000009,South West,naive,3,27,1996,2022,24593.1,31590.1,18.42,-5091.1
E12000009,South West,ses,3,27,1996,2022,24813.9,31760.0,18.62,-5147.3
E12000009,South West,drift,5,25,1996,2020,36228.6,46975.9,29.04,714.5
E12000009,South West,holt,5,25,1996,2020,46305.6,67789.0,38.06,937.9
E12000009,South West,linear_trend,5,25,1996,2020,49973.2,54665.9,38.37,2808.1
E12000009,South West,naive,5,25,1996,2020,36261.5,42806.2,27.78,-7983.6
E12000009,South West,ses,5,25,1996,2020,36341.4,43001.6,27.8,-8038.4
